PID,MS SubClass,MS Zoning,Lot Frontage,Lot Area,Street,Alley,Lot Shape,Land Contour,Utilities,Lot Config,Land Slope,Neighborhood,Condition 1,Condition 2,Bldg Type,House Style,Overall Qual,Overall Cond,Year Built,YearRemod/Add,Roof Style,Roof Matl,Exterior 1st,Exterior 2nd,Mas Vnr Type,Mas Vnr Area,Exter Qual,Exter Cond,foundation,Bsmt Qual,Bsmt Cond,Bsmt Exposure,BsmtFin Type 1,BsmtFin SF 1,BsmtFin Type 2,BsmtFin SF 2,Bsmt Unf SF,Total Bsmt SF,heating,Heating QC,Central Air,electrical,1st Flr SF,2nd Flr SF,Low Qual Fin SF,Gr Liv Area,Bsmt Full Bath,Bsmt Half Bath,Full Bath,Half Bath,bedrooms,Kitchen AbvGr,Kitchen Qual,TotRms AbvGrd,functional,fireplaces,Fireplace Qu,Garage Type,Garage Yr Blt,Garage Finish,Garage Cars,Garage Area,Garage Qual,Garage Cond,Paved Drive,Wood Deck SF,Open Porch SF,Enclosed Porch,3Ssn Porch,Screen Porch,Pool Area,Pool QC,fence,Misc Feature,Misc Val,Mo Sold,Yr Sold,Sale Type,Sale Condition,saleprice
526351010,1-STORY 1946 & NEWER ALL STYLES,RL,81,14267,Pave,NA,Slightly irregular,Lvl,AllPub,Corner,Gtl,North Ames,Normal,Normal,1Fam,1Story,6,6,1958,1958,Hip,CompShg,Wd Sdng,Wd Sdng,BrkFace,108,TA,TA,CBlock,TA,TA,No,ALQ,923,Unf,0,406,1329,GasA,TA,Y,SBrkr,1329,0,0,1329,0,0,1,1,3,1,Gd,6,Typ,0,NA,Attchd,1958,Unf,1,312,TA,TA,Y,393,36,0,0,0,0,NA,NA,Gar2,12500,6,2010,WD,Normal,172000
527107130,SPLIT OR MULTI-LEVEL,RL,60,8400,Pave,NA,Regular,Lvl,AllPub,Inside,Gtl,Gilbert,Normal,Normal,1Fam,SLvl,7,5,1996,1997,Gable,CompShg,HdBoard,HdBoard,BrkFace,32,TA,TA,PConc,Gd,TA,No,GLQ,284,Unf,0,100,384,GasA,Gd,Y,SBrkr,958,670,0,1628,0,0,2,1,3,1,TA,7,Typ,1,TA,BuiltIn,1996,Fin,2,390,TA,TA,Y,48,72,0,0,0,0,NA,NA,Shed,490,6,2009,WD,Normal,189000
527110020,SPLIT OR MULTI-LEVEL,RL,0,8530,Pave,NA,Slightly irregular,Lvl,AllPub,Inside,Gtl,Gilbert,Normal,Normal,1Fam,SLvl,7,5,1995,1996,Gable,CompShg,HdBoard,HdBoard,BrkFace,22,TA,TA,PConc,Gd,TA,No,Unf,0,Unf,0,384,384,GasA,Gd,Y,SBrkr,804,670,0,1474,0,0,2,1,3,1,TA,7,Typ,1,TA,BuiltIn,1995,Fin,2,400,TA,TA,Y,120,72,0,0,0,0,NA,NA,Shed,700,5,2009,WD,Normal,168500
527163070,2-STORY 1946 & NEWER,RL,0,9765,Pave,NA,Moderately Irregular,Lvl,AllPub,Corner,Gtl,Gilbert,Normal,Normal,1Fam,2Story,6,8,1993,1993,Gable,CompShg,VinylSd,VinylSd,BrkFace,68,Ex,Gd,PConc,Gd,Gd,No,ALQ,310,Unf,0,370,680,GasA,Gd,Y,SBrkr,680,790,0,1470,0,0,2,1,3,1,TA,6,Typ,1,TA,BuiltIn,1993,Fin,2,420,TA,TA,Y,232,63,0,0,0,0,NA,NA,Shed,480,4,2009,WD,Normal,185000
527164120,2-STORY 1946 & NEWER,RL,0,10832,Pave,NA,Slightly irregular,Lvl,AllPub,Corner,Gtl,Gilbert,Normal,Normal,1Fam,2Story,7,5,1994,1996,Gable,CompShg,MetalSd,MetalSd,None,0,Gd,TA,PConc,Gd,TA,No,Unf,0,Unf,0,712,712,GasA,Ex,Y,SBrkr,1086,809,0,1895,0,0,2,1,3,1,Gd,7,Typ,1,TA,Attchd,1994,Fin,2,409,TA,TA,Y,143,46,0,0,0,0,NA,NA,Shed,500,10,2008,WD,Normal,194500
527165230,1-STORY 1946 & NEWER ALL STYLES,RL,0,7980,Pave,NA,Slightly irregular,Lvl,AllPub,Inside,Gtl,Gilbert,Normal,Normal,1Fam,1Story,6,7,1992,2007,Gable,CompShg,HdBoard,HdBoard,None,0,TA,Gd,PConc,Gd,TA,No,ALQ,935,Unf,0,233,1168,GasA,Ex,Y,SBrkr,1187,0,0,1187,1,0,2,0,3,1,TA,6,Typ,0,NA,Attchd,1992,Fin,2,420,TA,TA,Y,483,21,0,0,0,0,NA,GdPrv,Shed,500,3,2010,WD,Normal,185000
527226020,1-STORY 1946 & NEWER ALL STYLES,RL,0,31220,Pave,NA,Slightly irregular,Bnk,NoSewr,FR2,Gtl,Gilbert,Adjacent to feeder street,Normal,1Fam,1Story,6,2,1952,1952,Hip,CompShg,BrkFace,BrkFace,None,0,TA,TA,CBlock,TA,TA,No,Unf,0,Unf,0,1632,1632,GasA,TA,Y,FuseA,1474,0,0,1474,0,0,1,0,3,1,TA,7,Min2,2,Gd,Attchd,1952,Unf,2,495,TA,TA,Y,0,0,144,0,0,0,NA,NA,Shed,750,5,2008,WD,Normal,115000
527301010,1-STORY 1946 & NEWER ALL STYLES,RL,91,14145,Pave,NA,Regular,Lvl,AllPub,Corner,Gtl,Northwest Ames,Normal,Normal,1Fam,1Story,7,7,1984,1998,Gable,CompShg,Wd Sdng,Wd Sdng,None,0,Gd,TA,CBlock,Gd,TA,Mn,ALQ,213,Unf,0,995,1208,GasA,Ex,Y,SBrkr,1621,0,0,1621,1,0,2,0,3,1,Gd,8,Typ,0,NA,Attchd,1984,RFn,2,440,TA,TA,Y,108,45,0,0,0,0,NA,NA,Shed,400,5,2006,WD,Normal,202500
527328020,SPLIT OR MULTI-LEVEL,RL,0,10395,Pave,NA,Slightly irregular,Lvl,AllPub,FR2,Gtl,Northwest Ames,Normal,Normal,1Fam,SLvl,6,6,1978,1978,Gable,CompShg,HdBoard,HdBoard,BrkFace,233,TA,TA,CBlock,Gd,TA,Av,ALQ,605,Unf,0,427,1032,GasA,TA,Y,SBrkr,1032,0,0,1032,0,1,2,0,3,1,TA,6,Typ,1,TA,Attchd,1978,Unf,2,564,TA,TA,Y,0,0,0,0,0,0,NA,MnPrv,Shed,500,7,2007,WD,Normal,148000
527356020,2-STORY 1946 & NEWER,RL,80,16692,Pave,NA,Slightly irregular,Lvl,AllPub,Inside,Gtl,Northwest Ames,Adjacent to North-South Railroad,Normal,1Fam,2Story,7,5,1978,1978,Gable,CompShg,Plywood,Plywood,BrkFace,184,TA,TA,CBlock,Gd,TA,No,BLQ,790,LwQ,469,133,1392,GasA,TA,Y,SBrkr,1392,1392,0,2784,1,0,3,1,5,1,Gd,12,Typ,2,TA,Attchd,1978,RFn,2,564,TA,TA,Y,0,112,0,0,440,519,Fa,MnPrv,TenC,2000,7,2006,WD,Normal,250000
527402200,1-STORY 1946 & NEWER ALL STYLES,RL,0,11241,Pave,NA,Slightly irregular,Lvl,AllPub,CulDSac,Gtl,North Ames,Normal,Normal,1Fam,1Story,6,7,1970,1970,Gable,CompShg,Wd Sdng,Wd Sdng,BrkFace,180,TA,TA,CBlock,TA,TA,No,ALQ,578,Unf,0,426,1004,GasA,Ex,Y,SBrkr,1004,0,0,1004,1,0,1,0,2,1,TA,5,Typ,1,TA,Attchd,1970,Fin,2,480,TA,TA,Y,0,0,0,0,0,0,NA,NA,Shed,700,3,2010,WD,Normal,149000
527402380,1-STORY 1946 & NEWER ALL STYLES,RL,71,9353,Pave,NA,Regular,Lvl,AllPub,Inside,Gtl,North Ames,Normal,Normal,1Fam,1Story,4,5,1970,1970,Gable,CompShg,MetalSd,MetalSd,None,0,TA,TA,CBlock,TA,TA,No,Unf,0,Unf,0,864,864,GasA,Gd,Y,SBrkr,864,0,0,864,0,0,1,0,3,1,TA,5,Typ,0,NA,Attchd,1972,Unf,1,280,TA,TA,Y,0,0,0,0,0,0,NA,NA,Shed,0,7,2006,Oth,Abnorml,116050
527405160,1-STORY 1946 & NEWER ALL STYLES,RL,60,6960,Pave,NA,Regular,Lvl,AllPub,Inside,Gtl,North Ames,Normal,Normal,1Fam,1Story,4,6,1970,1970,Gable,CompShg,HdBoard,Plywood,None,0,TA,TA,CBlock,TA,TA,No,ALQ,375,BLQ,239,250,864,GasA,TA,Y,SBrkr,864,0,0,864,0,0,1,0,3,1,Gd,5,Typ,0,NA,Detchd,1989,Unf,2,660,TA,TA,Y,96,0,0,0,0,0,NA,NA,Shed,500,11,2009,WD,Normal,120500
527455280,1-STORY 1946 & NEWER ALL STYLES,RL,0,10710,Pave,NA,Regular,Lvl,AllPub,Inside,Gtl,North Ames,Normal,Normal,1Fam,1Story,5,7,1966,2004,Hip,CompShg,HdBoard,HdBoard,BrkFace,165,Gd,TA,PConc,TA,TA,No,BLQ,644,Unf,0,220,864,GasA,Ex,Y,SBrkr,1120,0,0,1120,0,1,1,0,3,1,TA,5,Typ,1,TA,Attchd,1966,RFn,2,656,TA,TA,Y,0,162,0,0,0,0,NA,NA,Shed,1200,7,2009,WD,Normal,148800
528221050,1-STORY 1946 & NEWER ALL STYLES,RL,88,12216,Pave,NA,Slightly irregular,Lvl,AllPub,Corner,Gtl,Gilbert,Normal,Normal,1Fam,1Story,6,5,2005,2005,Gable,CompShg,VinylSd,VinylSd,None,0,TA,TA,PConc,Gd,TA,Av,GLQ,918,Unf,0,408,1326,GasA,Ex,Y,SBrkr,1326,0,0,1326,1,0,2,0,3,1,Gd,6,Typ,0,NA,Attchd,2005,Fin,2,388,TA,TA,Y,120,23,0,0,0,0,NA,NA,Shed,2000,6,2007,WD,Normal,203000
531384030,2-STORY 1946 & NEWER,RL,43,14565,Pave,NA,Moderately Irregular,Lvl,AllPub,CulDSac,Gtl,Sawyer West,Normal,Normal,1Fam,2Story,7,5,1994,1995,Gable,CompShg,VinylSd,VinylSd,BrkFace,145,Gd,TA,PConc,Gd,TA,Av,GLQ,537,Unf,0,295,832,GasA,Ex,Y,SBrkr,832,825,0,1657,0,0,2,1,3,1,Gd,6,Typ,0,NA,Attchd,1994,RFn,2,483,TA,TA,Y,144,74,0,0,0,0,NA,NA,Shed,2000,11,2008,WD,Normal,189000
531451280,2-STORY 1946 & NEWER,RL,70,11218,Pave,NA,Regular,Lvl,AllPub,Inside,Gtl,Sawyer West,Normal,Normal,1Fam,2Story,6,5,1992,1992,Gable,CompShg,Wd Sdng,Wd Sdng,None,0,Gd,TA,PConc,Gd,TA,No,Unf,0,Unf,0,1055,1055,GasA,Ex,Y,SBrkr,1055,790,0,1845,0,0,2,1,3,1,Gd,8,Typ,1,TA,Attchd,1992,RFn,2,462,TA,TA,Y,635,104,0,0,0,0,NA,GdPrv,Shed,400,5,2010,WD,Normal,189000
531451290,2-STORY 1946 & NEWER,RL,70,9370,Pave,NA,Moderately Irregular,Lvl,AllPub,Inside,Gtl,Sawyer West,Normal,Normal,1Fam,2Story,6,5,1992,1993,Gable,CompShg,HdBoard,HdBoard,None,0,Gd,TA,PConc,Gd,TA,No,ALQ,758,Unf,0,78,836,GasA,Ex,Y,SBrkr,844,887,0,1731,1,0,2,1,3,1,Gd,7,Typ,0,NA,Attchd,1992,RFn,2,462,TA,TA,Y,307,85,0,0,224,0,NA,NA,Othr,3000,10,2006,WD,Family,248500
532351050,1-STORY 1946 & NEWER ALL STYLES,RL,70,9100,Pave,NA,Regular,Lvl,AllPub,Inside,Gtl,Sawyer,Adjacent to East-West Railroad,Normal,1Fam,1Story,5,5,1963,1963,Hip,CompShg,Wd Sdng,Wd Sdng,None,0,TA,TA,PConc,TA,Gd,No,BLQ,53,ALQ,799,132,984,GasA,TA,Y,SBrkr,984,0,0,984,1,0,1,0,3,1,TA,5,Typ,1,TA,Attchd,1963,RFn,1,384,TA,TA,Y,145,56,0,0,0,0,NA,MnPrv,Shed,400,8,2008,WD,Normal,128000
532354090,SPLIT FOYER,RL,88,11782,Pave,NA,Slightly irregular,Lvl,AllPub,Inside,Gtl,Sawyer,Normal,Normal,1Fam,SFoyer,5,7,1961,1995,Gable,CompShg,HdBoard,HdBoard,None,0,TA,TA,CBlock,TA,TA,Av,ALQ,899,Unf,0,210,1109,GasA,TA,Y,SBrkr,1155,0,0,1155,1,0,1,0,3,1,Gd,6,Min2,0,NA,Detchd,1987,Unf,2,576,TA,TA,Y,192,0,0,0,0,0,NA,MnPrv,Shed,400,6,2010,WD,Normal,148000
532376040,1-STORY 1946 & NEWER ALL STYLES,RL,85,6970,Pave,NA,Regular,Lvl,AllPub,Corner,Gtl,Sawyer,Adjacent to feeder street,Normal,1Fam,1Story,4,5,1961,1961,Gable,CompShg,VinylSd,VinylSd,None,0,TA,TA,CBlock,TA,TA,No,ALQ,932,Unf,0,108,1040,GasA,TA,Y,SBrkr,1120,0,0,1120,1,0,1,1,3,1,Fa,5,Typ,0,NA,Attchd,1961,RFn,2,544,TA,TA,Y,168,0,0,0,0,0,NA,NA,Shed,400,5,2007,WD,Normal,129000
532377020,1-STORY 1946 & NEWER ALL STYLES,RL,60,6360,Pave,NA,Regular,Lvl,AllPub,Inside,Gtl,Sawyer,Normal,Normal,1Fam,1Story,5,5,1963,1963,Hip,CompShg,Wd Sdng,HdBoard,None,0,TA,TA,CBlock,Gd,Gd,No,ALQ,489,Unf,0,375,864,GasA,TA,Y,SBrkr,864,0,0,864,0,0,1,0,3,1,TA,5,Typ,0,NA,Attchd,1963,Unf,1,276,TA,TA,Y,0,0,0,0,0,0,NA,NA,Shed,650,1,2008,COD,Abnorml,119916
532377130,1-STORY 1946 & NEWER ALL STYLES,RL,80,10000,Pave,NA,Regular,Lvl,AllPub,Corner,Gtl,Sawyer,Adjacent to feeder street,Normal,1Fam,1Story,5,6,1961,1983,Hip,CompShg,HdBoard,HdBoard,None,0,TA,TA,CBlock,TA,TA,No,BLQ,594,Unf,0,270,864,GasA,Ex,Y,SBrkr,1144,0,0,1144,1,0,1,0,3,1,TA,6,Typ,1,TA,Attchd,1961,RFn,1,264,TA,TA,Y,165,0,0,0,0,0,NA,GdWo,Shed,400,3,2009,WD,Normal,131400
533352075,DUPLEX - ALL STYLES AND AGES,RL,0,18890,Pave,NA,Slightly irregular,Lvl,AllPub,Inside,Gtl,Sawyer,Adjacent to feeder street,RRAe,Duplex,1.5Fin,5,5,1977,1977,Shed,CompShg,Plywood,Plywood,None,1,TA,TA,CBlock,Gd,TA,No,GLQ,498,Rec,211,652,1361,GasA,Ex,Y,SBrkr,1361,1259,0,2620,0,0,2,2,4,2,TA,12,Typ,1,TA,BuiltIn,1977,RFn,2,600,TA,TA,N,155,24,145,0,0,0,NA,NA,Gar2,8300,8,2007,WD,Normal,190000
534128010,2-STORY 1946 & NEWER,RL,0,10382,Pave,NA,Slightly irregular,Lvl,AllPub,Corner,Gtl,Northwest Ames,Near positive off-site feature--park greenbelt etc.,Normal,1Fam,2Story,7,6,1973,1973,Gable,CompShg,HdBoard,HdBoard,Stone,240,TA,TA,CBlock,Gd,TA,Mn,ALQ,859,BLQ,32,216,1107,GasA,Ex,Y,SBrkr,1107,983,0,2090,1,0,2,1,3,1,TA,7,Typ,2,TA,Attchd,1973,RFn,2,484,TA,TA,Y,235,204,228,0,0,0,NA,NA,Shed,350,11,2009,WD,Normal,200000
534129060,1-STORY 1946 & NEWER ALL STYLES,RL,0,15387,Pave,NA,Slightly irregular,Lvl,AllPub,CulDSac,Gtl,Northwest Ames,Normal,Normal,1Fam,1Story,7,7,1967,1967,Gable,CompShg,Plywood,Plywood,None,0,TA,TA,CBlock,TA,TA,No,ALQ,603,BLQ,294,723,1620,GasA,Ex,Y,SBrkr,1620,0,0,1620,0,0,2,0,4,1,Gd,8,Typ,1,Gd,Attchd,1967,Unf,2,578,TA,TA,Y,0,62,192,0,0,0,NA,NA,Shed,450,8,2008,WD,Normal,215000
534129370,1-STORY 1946 & NEWER ALL STYLES,RL,80,9600,Pave,NA,Regular,Lvl,AllPub,Inside,Gtl,Northwest Ames,Adjacent to feeder street,Normal,1Fam,1Story,5,5,1969,1969,Gable,CompShg,HdBoard,HdBoard,BrkFace,128,TA,TA,CBlock,Gd,TA,Mn,ALQ,553,Rec,147,588,1288,GasA,TA,Y,SBrkr,1336,0,0,1336,0,1,2,0,3,1,TA,6,Typ,1,Fa,Attchd,1969,RFn,2,502,TA,TA,Y,312,11,0,0,0,0,NA,NA,Shed,650,8,2009,WD,Normal,163000
534152100,2-STORY 1946 & NEWER,RL,80,10421,Pave,NA,Regular,Lvl,AllPub,Inside,Gtl,Northwest Ames,Normal,Normal,1Fam,2Story,7,5,1988,1988,Gable,CompShg,HdBoard,HdBoard,BrkFace,42,TA,TA,CBlock,Gd,TA,No,GLQ,394,Unf,0,586,980,GasA,TA,Y,SBrkr,980,734,0,1714,0,0,2,1,3,1,TA,7,Typ,1,TA,Attchd,1988,Unf,2,496,TA,TA,Y,228,66,156,0,0,0,NA,MnPrv,Shed,500,3,2010,WD,Normal,196500
534176140,1-STORY 1946 & NEWER ALL STYLES,RL,88,10738,Pave,NA,Slightly irregular,Lvl,AllPub,Corner,Gtl,Northwest Ames,Normal,Normal,1Fam,1Story,6,7,1966,1966,Hip,CompShg,HdBoard,HdBoard,None,0,TA,TA,CBlock,TA,TA,No,ALQ,792,Unf,0,301,1093,GasA,Gd,Y,SBrkr,1093,0,0,1093,1,0,2,0,3,1,TA,6,Typ,1,Fa,Attchd,1966,RFn,2,484,TA,TA,Y,224,0,0,0,0,0,NA,MnPrv,Shed,400,11,2007,WD,Normal,158500
534201250,2-STORY 1946 & NEWER,RL,72,8640,Pave,NA,Regular,Lvl,AllPub,Inside,Gtl,North Ames,Adjacent to feeder street,Normal,1Fam,2Story,5,5,1968,1968,Gable,CompShg,HdBoard,HdBoard,BrkFace,300,TA,TA,CBlock,Gd,Fa,Mn,ALQ,361,Rec,483,56,900,GasA,Ex,Y,SBrkr,884,886,0,1770,1,0,1,1,4,1,TA,7,Typ,0,NA,Attchd,1968,RFn,2,530,TA,TA,Y,0,60,0,0,270,0,NA,NA,Shed,455,6,2006,WD,Normal,155000
534252110,1-STORY 1946 & NEWER ALL STYLES,RL,0,12342,Pave,NA,Slightly irregular,Lvl,AllPub,Inside,Gtl,North Ames,Normal,Normal,1Fam,1Story,5,5,1960,1978,Hip,CompShg,Wd Sdng,Wd Sdng,None,0,TA,TA,CBlock,TA,TA,No,Unf,0,Unf,0,978,978,GasA,TA,Y,SBrkr,1422,0,0,1422,0,0,1,0,3,1,TA,6,Min1,1,TA,Attchd,1960,RFn,1,286,TA,TA,Y,0,0,36,0,0,0,NA,GdWo,Shed,600,8,2007,WD,Normal,139900
534275170,1-STORY 1946 & NEWER ALL STYLES,RL,0,12772,Pave,NA,Slightly irregular,Lvl,AllPub,CulDSac,Gtl,North Ames,Normal,Normal,1Fam,1Story,6,8,1960,1998,Hip,CompShg,MetalSd,MetalSd,None,0,TA,Gd,CBlock,TA,TA,Mn,BLQ,498,Unf,0,460,958,GasA,TA,Y,SBrkr,958,0,0,958,0,0,1,0,2,1,TA,5,Typ,0,NA,Attchd,1960,RFn,1,301,TA,TA,Y,0,0,0,0,0,0,NA,NA,Gar2,15500,4,2007,WD,Normal,151500
534276040,1-STORY 1946 & NEWER ALL STYLES,RL,70,9100,Pave,NA,Regular,Lvl,AllPub,Inside,Gtl,North Ames,Normal,Normal,1Fam,1Story,6,6,1959,1959,Hip,CompShg,Wd Sdng,Wd Sdng,None,0,TA,TA,CBlock,TA,TA,No,Rec,612,Unf,0,252,864,GasA,Ex,Y,SBrkr,864,0,0,864,0,0,1,0,2,1,TA,5,Typ,0,NA,Detchd,2008,Unf,1,300,Ex,Ex,Y,0,0,0,0,0,0,NA,NA,Shed,450,10,2009,WD,Normal,127500
534276160,1-STORY 1946 & NEWER ALL STYLES,RL,70,7535,Pave,NA,Slightly irregular,Lvl,AllPub,Inside,Gtl,North Ames,Normal,Normal,1Fam,1Story,5,7,1958,1985,Gable,CompShg,MetalSd,MetalSd,None,0,TA,TA,CBlock,TA,TA,No,BLQ,111,LwQ,279,522,912,GasA,Fa,Y,SBrkr,912,0,0,912,0,1,1,0,2,1,TA,5,Typ,0,NA,Attchd,1958,Fin,1,297,TA,TA,Y,12,285,0,0,0,0,NA,MnWw,Shed,480,6,2007,WD,Normal,120000
534276290,1-STORY 1946 & NEWER ALL STYLES,RL,0,8339,Pave,NA,Slightly irregular,Lvl,AllPub,Inside,Gtl,North Ames,Normal,Normal,1Fam,1Story,5,7,1959,1959,Gable,CompShg,MetalSd,MetalSd,None,0,TA,TA,Slab,NA,NA,NA,NA,0,NA,0,0,0,GasA,TA,Y,SBrkr,882,0,0,882,0,0,1,0,3,1,TA,5,Typ,0,NA,Attchd,1959,RFn,1,294,TA,TA,Y,0,0,0,0,0,0,NA,MnPrv,Shed,1200,7,2007,WD,Normal,106500
534276360,1-STORY 1946 & NEWER ALL STYLES,RL,77,9320,Pave,NA,Slightly irregular,Lvl,AllPub,Inside,Gtl,North Ames,Normal,Normal,1Fam,1Story,4,5,1959,1959,Gable,CompShg,Plywood,Plywood,None,0,TA,TA,CBlock,TA,TA,No,ALQ,569,Unf,0,381,950,GasA,Fa,Y,SBrkr,1225,0,0,1225,1,0,1,1,3,1,TA,6,Typ,0,NA,NA,0,NA,0,0,NA,NA,Y,352,0,0,0,0,0,NA,NA,Shed,400,1,2010,WD,Normal,128950
534400120,2 FAMILY CONVERSION - ALL STYLES AND AGES,RL,80,8800,Pave,NA,Regular,Lvl,AllPub,Inside,Gtl,North Ames,Adjacent to North-South Railroad,Normal,2fmCon,1Story,6,7,1965,2000,Hip,CompShg,BrkFace,VinylSd,None,0,TA,Gd,PConc,TA,TA,Mn,ALQ,901,BLQ,252,34,1187,GasA,Ex,Y,SBrkr,1565,0,0,1565,1,0,2,0,3,1,Gd,7,Min1,2,TA,Attchd,1965,RFn,1,299,TA,TA,Y,200,25,211,0,0,0,NA,MnPrv,Shed,460,6,2006,WD,Abnorml,185900
534403280,1-STORY 1946 & NEWER ALL STYLES,RL,80,8800,Pave,NA,Regular,Lvl,AllPub,Inside,Gtl,North Ames,Normal,Normal,1Fam,1Story,6,6,1964,1964,Hip,CompShg,HdBoard,HdBoard,BrkFace,425,TA,TA,CBlock,TA,TA,No,BLQ,553,Unf,0,698,1251,GasA,TA,Y,SBrkr,1251,0,0,1251,1,0,1,0,3,1,TA,6,Typ,2,Gd,Attchd,1964,RFn,1,461,TA,TA,Y,0,116,0,0,0,0,NA,MnPrv,Shed,700,3,2006,WD,Normal,160000
534451020,1-1/2 STORY FINISHED ALL AGES,RL,51,3500,Pave,NA,Regular,Lvl,AllPub,Inside,Gtl,Brookside,Adjacent to feeder street,Normal,1Fam,1.5Fin,3,5,1945,1950,Gable,CompShg,MetalSd,MetalSd,None,0,TA,TA,CBlock,TA,TA,No,LwQ,144,Unf,0,226,370,GasA,TA,N,FuseA,442,228,0,670,1,0,1,0,2,1,Fa,4,Typ,0,NA,NA,0,NA,0,0,NA,NA,N,0,21,0,0,0,0,NA,MnPrv,Shed,2000,7,2007,WD,Normal,64000
534451150,1-STORY 1945 & OLDER,RL,55,5350,Pave,NA,Slightly irregular,Lvl,AllPub,Inside,Gtl,Brookside,Normal,Normal,1Fam,1Story,3,2,1940,1966,Gable,CompShg,Wd Sdng,Plywood,None,0,TA,Po,CBlock,TA,TA,No,Unf,0,Unf,0,728,728,GasA,Ex,Y,SBrkr,1306,0,0,1306,0,0,1,0,3,1,Fa,6,Mod,0,NA,NA,0,NA,0,0,NA,NA,Y,263,0,0,0,0,0,NA,GdWo,Shed,450,5,2010,WD,Normal,76500
535101020,SPLIT FOYER,RL,75,11380,Pave,NA,Slightly irregular,Lvl,AllPub,Inside,Gtl,North Ames,Normal,Normal,1Fam,SFoyer,6,8,1966,2008,Gable,CompShg,HdBoard,HdBoard,BrkFace,216,TA,TA,CBlock,TA,TA,Gd,GLQ,944,Unf,0,136,1080,GasA,Gd,Y,SBrkr,1128,0,0,1128,1,0,1,0,2,1,Gd,5,Typ,1,Gd,Attchd,1966,Unf,1,315,TA,TA,Y,238,0,0,0,0,0,NA,NA,Shed,1500,1,2010,WD,Normal,178000
535152050,1-STORY 1946 & NEWER ALL STYLES,RL,70,8197,Pave,NA,Regular,Lvl,AllPub,Inside,Gtl,North Ames,Normal,Normal,1Fam,1Story,7,5,2003,2009,Gable,CompShg,VinylSd,VinylSd,BrkFace,506,Gd,TA,PConc,Gd,TA,No,GLQ,1188,Unf,0,292,1480,GasA,Ex,Y,SBrkr,1480,0,0,1480,1,0,2,0,3,1,Gd,7,Typ,0,NA,Attchd,2003,RFn,2,620,TA,TA,Y,252,73,0,0,0,0,NA,MnPrv,Shed,300,2,2010,WD,Normal,214000
535153150,1-STORY 1946 & NEWER ALL STYLES,RL,76,9120,Pave,NA,Regular,Lvl,AllPub,Inside,Gtl,North Ames,Normal,Normal,1Fam,1Story,6,6,1958,1958,Hip,CompShg,MetalSd,MetalSd,None,0,TA,TA,CBlock,TA,TA,No,ALQ,662,Unf,0,599,1261,GasA,Ex,Y,SBrkr,1261,0,0,1261,1,0,1,0,3,1,TA,6,Typ,1,TA,Attchd,1958,RFn,2,433,TA,TA,Y,0,0,0,0,288,0,NA,NA,Shed,1400,11,2008,WD,Normal,163000
535154080,1-STORY 1946 & NEWER ALL STYLES,RL,75,9750,Pave,NA,Regular,Lvl,AllPub,Inside,Gtl,North Ames,Normal,Normal,1Fam,1Story,6,6,1958,1958,Gable,CompShg,MetalSd,MetalSd,BrkFace,243,TA,TA,CBlock,TA,TA,No,Rec,608,Unf,0,834,1442,GasA,Gd,Y,SBrkr,1442,0,0,1442,0,0,1,1,4,1,TA,7,Typ,0,NA,Attchd,1958,RFn,1,301,TA,TA,Y,0,0,275,0,0,0,NA,NA,Shed,500,4,2007,COD,Normal,157900
535303030,1-STORY 1946 & NEWER ALL STYLES,RL,95,14250,Pave,NA,Regular,Lvl,AllPub,Inside,Gtl,North Ames,Normal,Normal,1Fam,1Story,6,5,1957,1957,Gable,CompShg,Plywood,Plywood,BrkFace,360,TA,TA,CBlock,TA,TA,No,Unf,0,Unf,0,998,998,GasA,TA,Y,SBrkr,1790,0,0,1790,0,0,2,0,3,1,TA,6,Typ,2,Gd,Attchd,1957,Fin,2,540,TA,TA,Y,0,40,0,0,0,0,NA,NA,Shed,1500,9,2008,WD,Normal,180000
535325350,1-STORY 1946 & NEWER ALL STYLES,RL,80,13600,Pave,NA,Regular,Bnk,AllPub,Inside,Gtl,North Ames,Normal,Normal,1Fam,1Story,5,6,1955,1955,Gable,CompShg,HdBoard,HdBoard,None,0,TA,TA,CBlock,TA,TA,No,Rec,144,BLQ,912,0,1056,GasA,Gd,Y,SBrkr,1056,0,0,1056,1,0,1,1,3,1,TA,6,Typ,0,NA,Attchd,1955,Fin,1,300,TA,TA,Y,0,0,0,0,0,0,NA,MnPrv,Shed,650,11,2006,WD,Normal,125000
535327210,1-STORY 1946 & NEWER ALL STYLES,RL,70,13300,Pave,NA,Regular,Lvl,AllPub,Inside,Gtl,North Ames,Normal,Normal,1Fam,1Story,5,5,1956,2001,Hip,CompShg,Wd Sdng,VinylSd,None,0,TA,TA,CBlock,TA,TA,No,Rec,494,Unf,0,521,1015,GasA,Gd,Y,SBrkr,1384,0,0,1384,1,0,1,0,2,1,TA,6,Min1,0,NA,Attchd,2001,Unf,2,896,TA,TA,Y,75,0,0,323,0,0,NA,NA,Shed,400,6,2006,WD,Normal,159000
535351050,1-STORY 1946 & NEWER ALL STYLES,RL,75,14559,Pave,NA,Regular,Lvl,AllPub,Inside,Gtl,North Ames,Normal,Normal,1Fam,1Story,5,7,1951,2000,Hip,CompShg,Wd Sdng,Wd Sdng,BrkCmn,70,Gd,TA,CBlock,TA,TA,No,BLQ,650,Rec,180,178,1008,GasA,Ex,Y,SBrkr,1363,0,0,1363,1,0,1,0,2,1,TA,6,Min1,2,TA,CarPort,1951,Unf,1,288,TA,TA,Y,324,42,0,0,168,0,NA,NA,Shed,2000,6,2009,WD,Normal,164900
535353130,1-STORY 1946 & NEWER ALL STYLES,RL,0,15783,Pave,NA,Regular,Lvl,AllPub,Inside,Gtl,Old Town,Adjacent to arterial street,Normal,1Fam,1Story,5,5,1952,1952,Gable,CompShg,Wd Sdng,Wd Sdng,None,0,TA,TA,CBlock,TA,TA,No,Rec,292,Unf,0,632,924,GasA,TA,Y,SBrkr,924,0,0,924,0,0,1,0,2,1,TA,6,Typ,0,NA,Detchd,1952,Unf,1,420,TA,TA,Y,0,324,0,0,0,0,NA,MnPrv,Shed,400,6,2007,WD,Normal,112500
535377090,DUPLEX - ALL STYLES AND AGES,RL,64,6979,Pave,NA,Regular,Lvl,AllPub,Inside,Gtl,Old Town,Normal,Normal,Duplex,SFoyer,6,5,1980,1980,Gable,CompShg,Plywood,Plywood,None,0,TA,TA,CBlock,TA,TA,No,GLQ,1056,Unf,0,0,1056,GasA,Gd,Y,SBrkr,1056,0,0,1056,2,0,0,0,0,2,TA,4,Typ,0,NA,Detchd,1980,Unf,2,576,TA,TA,Y,264,56,0,0,0,0,NA,GdPrv,Shed,600,6,2010,WD,Normal,144000
535382130,1-1/2 STORY FINISHED ALL AGES,RL,60,10800,Pave,Grvl,Regular,Lvl,AllPub,Inside,Gtl,Old Town,Normal,Normal,1Fam,1.5Fin,5,8,1936,1989,Gable,CompShg,Wd Sdng,Wd Sdng,None,0,TA,TA,CBlock,Fa,TA,No,ALQ,626,Unf,0,170,796,GasA,Gd,Y,SBrkr,1096,370,0,1466,0,1,2,0,3,1,Gd,7,Min1,1,TA,Attchd,1950,Unf,2,566,TA,TA,Y,436,21,0,0,0,0,NA,NA,Shed,500,4,2006,WD,Normal,170000
535403010,1-STORY 1946 & NEWER ALL STYLES,RL,78,10180,Pave,NA,Slightly irregular,Lvl,AllPub,Corner,Gtl,North Ames,Adjacent to feeder street,Normal,1Fam,1Story,5,6,1968,1968,Gable,CompShg,HdBoard,Plywood,None,0,TA,TA,CBlock,TA,TA,No,Rec,744,Unf,0,168,912,GasA,TA,Y,SBrkr,1044,0,0,1044,0,1,1,1,3,1,TA,5,Typ,1,Fa,Attchd,1990,Fin,2,372,TA,TA,Y,200,48,0,0,0,0,NA,GdWo,Shed,450,6,2008,WD,Normal,139000
535403190,1-STORY 1946 & NEWER ALL STYLES,RL,62,8010,Pave,NA,Regular,Lvl,AllPub,Inside,Gtl,North Ames,Normal,Normal,1Fam,1Story,6,9,1958,2007,Hip,CompShg,Wd Sdng,Wd Sdng,None,0,Gd,Gd,CBlock,TA,TA,Mn,GLQ,745,Unf,0,206,951,GasA,Gd,Y,SBrkr,951,0,0,951,1,0,1,0,2,1,Gd,6,Typ,0,NA,Detchd,1985,Unf,2,480,TA,TA,Y,0,0,42,0,0,0,NA,NA,Shed,450,9,2009,WD,Normal,143500
535425060,1-STORY 1946 & NEWER ALL STYLES,RL,76,11355,Pave,NA,Slightly irregular,Lvl,AllPub,Corner,Gtl,North Ames,Normal,Normal,1Fam,1Story,7,7,1958,2001,Gable,Tar&Grv,HdBoard,HdBoard,BrkFace,125,TA,TA,CBlock,TA,TA,No,BLQ,637,Unf,0,675,1312,GasA,Ex,Y,SBrkr,1312,0,0,1312,0,0,1,1,3,1,TA,6,Typ,1,Gd,Attchd,1958,RFn,2,495,TA,TA,Y,0,304,144,0,0,0,NA,MnPrv,Othr,6500,4,2008,WD,Normal,186000
535450070,1-STORY W/FINISHED ATTIC ALL AGES,RL,60,12144,Pave,NA,Regular,Lvl,AllPub,Inside,Gtl,North Ames,Normal,Normal,1Fam,1Story,5,7,1949,1950,Gable,CompShg,HdBoard,HdBoard,None,0,Gd,TA,CBlock,TA,TA,No,Rec,375,Unf,0,457,832,GasA,Gd,Y,SBrkr,1036,0,232,1268,0,0,1,0,3,1,TA,6,Typ,1,Gd,Attchd,1949,Unf,1,288,TA,TA,Y,0,28,0,0,0,0,NA,NA,Othr,0,9,2009,WD,Normal,133000
535450190,1-1/2 STORY FINISHED ALL AGES,RL,60,8064,Pave,NA,Regular,Lvl,AllPub,Corner,Gtl,North Ames,Adjacent to arterial street,Normal,1Fam,1.5Fin,5,7,1949,2006,Gable,CompShg,MetalSd,MetalSd,None,0,TA,Gd,CBlock,TA,TA,Mn,Unf,0,Unf,0,672,672,GasA,Ex,Y,SBrkr,672,252,0,924,0,0,1,0,3,1,TA,6,Typ,1,Po,Detchd,2003,Unf,2,576,TA,TA,Y,0,0,0,0,0,0,NA,MnPrv,Shed,2000,7,2007,WD,Normal,122900
535453080,1-STORY 1946 & NEWER ALL STYLES,RL,0,7500,Pave,NA,Regular,Lvl,AllPub,Inside,Gtl,North Ames,Normal,Normal,1Fam,1Story,5,7,1959,2003,Hip,CompShg,BrkFace,BrkFace,None,0,TA,TA,CBlock,TA,TA,No,GLQ,574,Unf,0,466,1040,GasA,Ex,Y,SBrkr,1040,0,0,1040,1,0,1,0,3,1,Gd,6,Typ,0,NA,Attchd,1959,RFn,1,286,TA,TA,Y,0,0,0,0,0,0,NA,NA,Shed,0,7,2007,WD,Normal,152000
902105020,1-1/2 STORY FINISHED ALL AGES,RM,60,10440,Pave,Grvl,Regular,Lvl,AllPub,Corner,Gtl,Old Town,Normal,Normal,1Fam,1.5Fin,6,7,1920,1950,Gable,CompShg,BrkFace,Wd Sdng,None,0,Gd,Gd,BrkTil,Gd,TA,No,LwQ,493,Unf,0,1017,1510,GasW,Ex,Y,SBrkr,1584,1208,0,2792,0,0,2,0,5,1,TA,8,Mod,2,TA,Detchd,1920,Unf,2,520,Fa,TA,Y,0,547,0,0,480,0,NA,MnPrv,Shed,1150,6,2008,WD,Normal,256000
902125120,1-STORY 1945 & OLDER,RM,60,10800,Pave,Grvl,Regular,Lvl,AllPub,Inside,Gtl,Old Town,Normal,Normal,1Fam,1Story,4,7,1885,1995,Mansard,CompShg,VinylSd,VinylSd,None,0,TA,TA,BrkTil,Fa,TA,No,Unf,0,Unf,0,641,641,GasA,Gd,Y,SBrkr,1047,0,0,1047,0,0,1,0,2,1,TA,6,Typ,0,NA,Detchd,1954,Unf,1,273,Fa,Fa,N,0,0,0,0,0,0,NA,NA,Shed,450,8,2007,WD,Normal,100000
902327040,1-1/2 STORY FINISHED ALL AGES,RM,60,10800,Pave,NA,Regular,Lvl,AllPub,Inside,Gtl,Old Town,Adjacent to arterial street,Normal,1Fam,1.5Fin,5,6,1915,1950,Gable,CompShg,MetalSd,MetalSd,None,0,TA,Gd,PConc,Fa,TA,No,LwQ,686,Unf,0,0,686,GasA,TA,Y,SBrkr,966,686,0,1652,1,0,2,0,4,1,TA,7,Typ,0,NA,Detchd,1961,Unf,1,416,TA,TA,Y,0,0,196,0,0,0,NA,NA,Shed,1200,6,2010,WD,Normal,139000
902406030,1-STORY 1946 & NEWER ALL STYLES,RM,65,9750,Pave,Grvl,Regular,Lvl,AllPub,Inside,Gtl,Old Town,Normal,Normal,1Fam,1Story,5,5,1958,1958,Hip,CompShg,HdBoard,HdBoard,None,0,TA,TA,CBlock,TA,TA,No,Unf,0,Unf,0,960,960,GasA,Ex,Y,SBrkr,960,0,0,960,0,0,1,0,3,1,TA,5,Typ,0,NA,Detchd,2002,Unf,2,624,TA,TA,Y,0,0,0,0,0,0,NA,NA,Gar2,4500,7,2006,WD,Normal,125000
903204095,1-STORY W/FINISHED ATTIC ALL AGES,RM,50,9100,Pave,NA,Regular,Lvl,AllPub,Inside,Gtl,Brookside,Adjacent to North-South Railroad,Feedr,1Fam,1Story,5,6,1930,1960,Gable,CompShg,VinylSd,VinylSd,None,0,TA,TA,BrkTil,TA,TA,No,Unf,0,Unf,0,742,742,GasA,TA,Y,FuseA,779,0,156,935,0,0,1,0,2,1,TA,4,Typ,0,NA,Detchd,1988,Unf,1,308,TA,TA,P,0,0,0,0,0,0,NA,NA,Shed,600,8,2008,WD,Normal,79500
903225160,2-STORY 1945 & OLDER,RM,59,5870,Pave,NA,Regular,Lvl,AllPub,Corner,Gtl,Brookside,Adjacent to feeder street,Feedr,1Fam,2Story,6,9,1900,2000,Gable,CompShg,HdBoard,HdBoard,None,0,TA,Gd,BrkTil,TA,TA,No,Unf,0,Unf,0,554,554,GasA,Ex,Y,SBrkr,736,554,0,1290,0,0,1,1,3,1,TA,6,Typ,0,NA,Detchd,1926,Unf,1,200,Fa,TA,Y,38,112,0,0,0,0,NA,MnPrv,Shed,400,4,2008,WD,Normal,106900
903231070,1-1/2 STORY FINISHED ALL AGES,RM,52,6240,Pave,NA,Regular,Lvl,AllPub,Inside,Gtl,Brookside,Normal,Normal,1Fam,1.5Fin,6,6,1934,1950,Gable,CompShg,Wd Sdng,Wd Sdng,None,0,TA,TA,PConc,TA,TA,No,Unf,0,Unf,0,816,816,GasA,TA,Y,SBrkr,816,0,360,1176,0,0,1,0,3,1,TA,6,Typ,1,Gd,Detchd,1985,Unf,2,528,TA,TA,Y,112,0,0,0,0,0,NA,MnPrv,Shed,400,9,2006,WD,Normal,114500
903231240,1-STORY 1945 & OLDER,RM,51,6120,Pave,NA,Regular,Lvl,AllPub,Inside,Gtl,Brookside,Normal,Normal,1Fam,1Story,5,7,1925,1950,Gable,CompShg,MetalSd,MetalSd,None,0,TA,TA,BrkTil,TA,TA,No,Rec,489,Unf,0,279,768,GasA,TA,N,SBrkr,1015,0,0,1015,0,0,1,0,3,1,TA,6,Min1,0,NA,Detchd,1925,Unf,1,450,TA,TA,Y,0,0,112,0,120,0,NA,MnPrv,Shed,620,7,2006,WD,Abnorml,88000
903426160,2-STORY 1946 & NEWER,RM,57,8094,Pave,Grvl,Regular,Lvl,AllPub,Inside,Gtl,Old Town,Normal,Normal,2fmCon,2.5Unf,6,8,1910,1983,Gable,CompShg,Wd Sdng,Wd Sdng,None,0,TA,TA,PConc,TA,TA,Mn,Rec,196,Unf,0,1046,1242,GasA,Gd,Y,SBrkr,1242,742,0,1984,0,0,2,0,5,1,TA,8,Typ,0,NA,Detchd,0,NA,1,360,NA,NA,Y,64,0,180,0,0,0,NA,MnPrv,Shed,1000,9,2008,WD,Normal,160000
903429110,2-STORY 1945 & OLDER,RM,68,9928,Pave,Grvl,Regular,Lvl,AllPub,Inside,Gtl,Old Town,Normal,Normal,1Fam,2Story,7,8,1915,1994,Gable,CompShg,Wd Sdng,Wd Sdng,None,0,TA,Gd,BrkTil,TA,TA,No,Unf,0,Unf,0,672,672,GasA,Fa,Y,SBrkr,1272,672,0,1944,0,0,2,0,3,1,TA,8,Min2,0,NA,Detchd,1915,Unf,1,216,TA,TA,N,24,28,0,0,0,0,NA,NA,Shed,400,6,2009,WD,Normal,179900
903454060,2 FAMILY CONVERSION - ALL STYLES AND AGES,RM,70,5600,Pave,NA,Regular,Lvl,AllPub,Inside,Gtl,Iowa DOT and Rail Road,Normal,Normal,2fmCon,2Story,4,5,1930,1950,Hip,CompShg,VinylSd,Wd Shng,None,0,Fa,Fa,Slab,NA,NA,NA,NA,0,NA,0,0,0,GasA,Fa,N,SBrkr,372,720,0,1092,0,0,2,0,3,2,Fa,7,Mod,0,NA,NA,0,NA,0,0,NA,NA,N,0,0,0,0,0,0,NA,NA,Othr,3500,7,2010,WD,Normal,55000
904100170,1-STORY 1946 & NEWER ALL STYLES,RL,100,21370,Pave,NA,Regular,Lvl,AllPub,FR2,Gtl,Sawyer,Normal,Normal,1Fam,1Story,5,5,1950,1950,Gable,CompShg,Wd Sdng,MetalSd,None,0,TA,TA,Slab,NA,NA,NA,NA,0,NA,0,0,0,GasA,TA,Y,FuseA,1640,0,0,1640,0,0,1,0,3,1,TA,7,Min1,1,Gd,Attchd,1950,RFn,2,394,TA,TA,Y,0,0,225,0,0,0,NA,NA,Shed,600,6,2006,WD,Normal,131000
905101330,DUPLEX - ALL STYLES AND AGES,RL,72,10791,Pave,NA,Regular,Lvl,AllPub,Inside,Gtl,Sawyer,Normal,Normal,Duplex,1Story,4,5,1967,1967,Gable,CompShg,MetalSd,MetalSd,None,0,TA,TA,Slab,NA,NA,NA,NA,0,NA,0,0,0,GasA,TA,Y,SBrkr,1296,0,0,1296,0,0,2,0,2,2,TA,6,Typ,0,NA,CarPort,1967,Unf,2,516,TA,TA,Y,0,0,0,0,0,0,NA,NA,Shed,500,10,2006,WD,Normal,90000
905103180,SPLIT OR MULTI-LEVEL,RL,80,10366,Pave,NA,Slightly irregular,Lvl,AllPub,Corner,Gtl,Sawyer,Normal,Normal,1Fam,SLvl,6,7,1964,1964,Gable,CompShg,HdBoard,Plywood,None,0,TA,Gd,CBlock,TA,TA,Av,GLQ,456,Unf,0,456,912,GasA,TA,Y,SBrkr,934,0,0,934,0,1,1,0,2,1,TA,4,Typ,0,NA,Attchd,1964,Unf,1,336,TA,TA,Y,77,0,0,0,0,0,NA,GdPrv,Shed,500,7,2006,WD,Normal,132000
905104110,1-STORY 1946 & NEWER ALL STYLES,RL,68,10265,Pave,NA,Slightly irregular,Lvl,AllPub,Inside,Gtl,Sawyer,Normal,Normal,1Fam,1Story,5,7,1967,2005,Gable,CompShg,HdBoard,HdBoard,None,0,TA,Fa,CBlock,TA,TA,No,ALQ,758,Unf,0,234,992,GasA,Ex,Y,SBrkr,992,0,0,992,1,0,1,0,3,1,Gd,6,Typ,0,NA,Attchd,1967,RFn,1,294,TA,TA,Y,204,0,0,0,0,0,NA,MnPrv,Shed,600,7,2008,WD,Normal,145000
905225020,2-STORY 1946 & NEWER,RL,99,16779,Pave,NA,Regular,Lvl,AllPub,Inside,Gtl,Sawyer,Adjacent to feeder street,Normal,1Fam,2Story,5,4,1920,1996,Gable,CompShg,Wd Sdng,Wd Sdng,BrkFace,356,TA,Fa,CBlock,Gd,TA,No,BLQ,267,Unf,0,404,671,GasA,Fa,Y,SBrkr,1567,1087,0,2654,0,0,3,0,4,1,TA,11,Mod,1,Gd,Attchd,1946,Unf,2,638,TA,TA,Y,128,570,0,0,0,0,NA,NA,Shed,500,5,2007,WD,Normal,158000
905378040,1-1/2 STORY FINISHED ALL AGES,RL,124,18600,Pave,NA,Regular,Lvl,AllPub,Inside,Gtl,Edwards,Normal,Normal,1Fam,1.5Fin,3,4,1938,1990,Gable,CompShg,Wd Sdng,Wd Sdng,None,0,TA,TA,CBlock,TA,TA,Mn,BLQ,288,LwQ,684,0,972,GasA,TA,Y,FuseA,1052,558,0,1610,0,1,2,0,4,1,Fa,8,Typ,1,Gd,Attchd,1938,RFn,1,480,TA,TA,Y,0,0,60,0,0,0,NA,NA,Shed,450,6,2010,WD,Normal,124000
905426060,1-STORY 1945 & OLDER,RL,85,10625,Pave,NA,Regular,Lvl,AllPub,Corner,Gtl,Edwards,Normal,Normal,1Fam,1Story,5,5,1920,1950,Gable,CompShg,Wd Sdng,Wd Sdng,None,0,TA,TA,BrkTil,TA,TA,No,ALQ,108,Unf,0,350,458,GasA,Fa,N,SBrkr,835,0,0,835,0,0,1,0,2,1,TA,5,Typ,0,NA,Basment,1920,Unf,1,366,Fa,TA,Y,0,0,77,0,0,0,NA,NA,Shed,400,5,2010,COD,Abnorml,83000
906201050,SPLIT OR MULTI-LEVEL,RL,66,19255,Pave,NA,Slightly irregular,Lvl,AllPub,Inside,Gtl,Sawyer West,Normal,Normal,1Fam,SLvl,6,5,1983,1983,Gable,CompShg,Wd Sdng,Wd Sdng,BrkFace,100,Gd,TA,CBlock,Gd,TA,Av,Rec,70,GLQ,450,0,520,GasA,Gd,Y,SBrkr,1338,0,0,1338,0,0,1,1,2,1,Gd,5,Min2,1,Po,Attchd,1983,Unf,2,576,TA,TA,Y,0,0,0,0,0,0,NA,NA,Shed,600,9,2009,WD,Normal,156500
906426060,1-1/2 STORY FINISHED ALL AGES,RL,0,159000,Pave,NA,Moderately Irregular,Low,AllPub,CulDSac,Sev,Clear Creek,Normal,Normal,1Fam,1.5Fin,6,7,1958,2006,Gable,CompShg,Wd Sdng,HdBoard,BrkCmn,472,Gd,TA,CBlock,Gd,TA,Gd,Rec,697,Unf,0,747,1444,GasA,Gd,Y,SBrkr,1444,700,0,2144,0,1,2,0,4,1,Gd,7,Typ,2,TA,Attchd,1958,Fin,2,389,TA,TA,Y,0,98,0,0,0,0,NA,NA,Shed,500,6,2007,WD,Normal,277000
906476030,2-STORY 1946 & NEWER,RL,79,12798,Pave,NA,Slightly irregular,HLS,AllPub,Inside,Mod,Clear Creek,Adjacent to feeder street,Normal,1Fam,2Story,6,5,1997,1997,Gable,CompShg,VinylSd,VinylSd,None,0,TA,TA,PConc,Gd,TA,Gd,GLQ,462,Unf,0,154,616,GasA,Gd,Y,SBrkr,616,1072,0,1688,1,0,2,1,4,1,Gd,8,Typ,0,NA,Attchd,1997,RFn,2,603,TA,TA,Y,403,114,185,0,0,0,NA,NA,Shed,400,5,2008,WD,Normal,200000
907196040,2-STORY 1946 & NEWER,RL,75,12192,Pave,NA,Slightly irregular,Lvl,AllPub,Inside,Gtl,College Creek,Normal,Normal,1Fam,2Story,7,5,2000,2001,Gable,CompShg,VinylSd,VinylSd,None,0,Gd,TA,PConc,Gd,TA,No,GLQ,663,Unf,0,265,928,GasA,Ex,Y,SBrkr,928,895,0,1823,1,0,2,1,3,1,Gd,6,Typ,0,NA,Attchd,2000,RFn,2,626,TA,TA,Y,192,36,0,0,0,0,NA,NA,Shed,4500,5,2008,WD,Normal,235000
907200290,2-STORY 1946 & NEWER,RL,0,10900,Pave,NA,Slightly irregular,Lvl,AllPub,FR2,Gtl,College Creek,Normal,Normal,1Fam,2Story,6,7,1977,1977,Gable,CompShg,HdBoard,HdBoard,BrkFace,153,TA,TA,CBlock,Gd,TA,No,GLQ,378,Unf,0,311,689,GasA,Ex,Y,SBrkr,689,703,0,1392,0,0,1,1,3,1,TA,6,Typ,0,NA,Attchd,1977,Fin,1,299,TA,TA,Y,0,36,0,0,0,0,NA,MnPrv,Shed,450,3,2010,WD,Normal,161750
907252120,1-STORY 1946 & NEWER ALL STYLES,RL,0,11423,Pave,NA,Regular,Lvl,AllPub,Inside,Gtl,College Creek,Normal,Normal,1Fam,1Story,8,5,2001,2002,Gable,CompShg,VinylSd,VinylSd,BrkFace,479,Gd,TA,PConc,Gd,TA,Av,GLQ,1358,Unf,0,223,1581,GasA,Ex,Y,SBrkr,1601,0,0,1601,1,0,2,0,3,1,Gd,6,Typ,1,TA,Attchd,2001,RFn,2,670,TA,TA,Y,180,0,0,0,0,0,NA,MnPrv,Shed,2000,5,2010,WD,Normal,272000
908102020,2-STORY 1945 & OLDER,RL,67,8777,Pave,NA,Regular,Bnk,AllPub,Inside,Gtl,Edwards,Adjacent to feeder street,Normal,1Fam,2Story,4,6,1910,2000,Gable,CompShg,Plywood,Plywood,None,0,TA,Gd,CBlock,Gd,TA,No,Rec,173,BLQ,337,166,676,GasA,Gd,Y,SBrkr,760,676,0,1436,1,0,2,0,3,1,TA,6,Min1,0,NA,Attchd,1950,Unf,2,528,TA,TA,Y,147,0,0,0,0,0,NA,NA,Shed,420,10,2006,WD,Normal,98000
908102100,1-STORY 1946 & NEWER ALL STYLES,RL,70,9170,Pave,NA,Regular,Lvl,AllPub,Corner,Gtl,Edwards,Adjacent to feeder street,Normal,1Fam,1Story,5,7,1965,1965,Hip,CompShg,MetalSd,MetalSd,None,0,TA,TA,CBlock,TA,TA,No,ALQ,698,GLQ,96,420,1214,GasA,Ex,Y,SBrkr,1214,0,0,1214,1,0,1,0,2,1,TA,6,Typ,0,NA,Detchd,1965,Unf,2,461,Fa,Fa,Y,0,0,184,0,0,0,NA,GdPrv,Shed,400,4,2007,WD,Normal,140000
908102160,SPLIT FOYER,RL,75,9825,Pave,NA,Regular,Low,AllPub,Inside,Gtl,Edwards,Normal,Normal,1Fam,SFoyer,5,5,1967,1967,Gable,CompShg,HdBoard,HdBoard,BrkFace,162,TA,TA,CBlock,Gd,TA,Gd,ALQ,936,Unf,0,0,936,GasA,Gd,Y,SBrkr,936,0,0,936,1,0,1,0,2,1,TA,4,Typ,1,Fa,Attchd,1967,Unf,1,384,TA,TA,Y,405,0,0,0,0,0,NA,NA,Shed,450,8,2007,WD,Abnorml,118500
908154195,1-STORY 1946 & NEWER ALL STYLES,RL,128,39290,Pave,NA,Slightly irregular,Bnk,AllPub,Inside,Gtl,Edwards,Normal,Normal,1Fam,1Story,10,5,2008,2009,Hip,CompShg,CemntBd,CmentBd,Stone,1224,Ex,TA,PConc,Ex,TA,Gd,GLQ,4010,Unf,0,1085,5095,GasA,Ex,Y,SBrkr,5095,0,0,5095,1,1,2,1,2,1,Ex,15,Typ,2,Gd,Attchd,2008,Fin,3,1154,TA,TA,Y,546,484,0,0,0,0,NA,NA,Elev,17000,10,2007,New,Partial,183850
908225290,1-STORY 1946 & NEWER ALL STYLES,RL,70,11767,Pave,NA,Regular,Lvl,AllPub,Inside,Gtl,Edwards,Normal,Normal,1Fam,1Story,5,5,1950,1950,Gable,CompShg,MetalSd,MetalSd,None,0,TA,TA,CBlock,Fa,TA,Mn,Rec,1078,Unf,0,0,1078,GasA,TA,Y,FuseA,1368,0,0,1368,1,0,1,0,3,1,TA,6,Min1,0,NA,Attchd,1950,RFn,1,195,TA,TA,Y,0,41,211,0,0,0,NA,NA,Shed,900,6,2009,WD,Normal,120000
908250090,1-STORY 1946 & NEWER ALL STYLES,RL,68,9520,Pave,NA,Regular,Bnk,AllPub,Inside,Mod,Edwards,Normal,Normal,1Fam,1Story,4,5,1953,1953,Gable,CompShg,MetalSd,MetalSd,Stone,115,TA,TA,CBlock,Gd,TA,No,Rec,767,Unf,0,144,911,GasA,TA,Y,SBrkr,930,0,0,930,0,0,1,0,2,1,TA,5,Typ,0,NA,Attchd,1953,RFn,1,286,TA,TA,Y,134,0,0,0,0,0,NA,MnPrv,Gar2,3000,5,2008,WD,Normal,99000
909101010,1-1/2 STORY FINISHED ALL AGES,RL,67,12354,Pave,Grvl,Regular,Lvl,AllPub,Corner,Gtl,Edwards,Normal,Normal,1Fam,1.5Fin,6,8,1920,2000,Gable,CompShg,Wd Sdng,Wd Sdng,None,0,TA,TA,BrkTil,TA,Fa,Mn,Unf,0,Unf,0,684,684,GasA,Gd,Y,SBrkr,684,512,0,1196,0,0,1,0,3,1,Gd,7,Typ,0,NA,Detchd,2005,Unf,2,528,TA,TA,Y,0,46,0,0,0,0,NA,GdPrv,Shed,800,8,2009,ConLI,Normal,110000
909176170,DUPLEX - ALL STYLES AND AGES,RL,60,10890,Pave,NA,Regular,Lvl,AllPub,Inside,Gtl,South & West of Iowa State University,Normal,Normal,Duplex,2Story,5,6,1923,1950,Hip,CompShg,Wd Sdng,Plywood,None,0,TA,TA,PConc,TA,TA,Mn,Rec,371,Unf,0,925,1296,Grav,Fa,N,FuseA,1296,1296,0,2592,2,0,2,0,6,2,TA,12,Min2,0,NA,NA,0,NA,0,0,NA,NA,Y,0,742,240,0,0,0,NA,NA,Shed,1512,1,2007,WD,AdjLand,150000
909177100,DUPLEX - ALL STYLES AND AGES,RH,60,7200,Pave,Pave,Regular,Lvl,AllPub,Inside,Gtl,South & West of Iowa State University,Normal,Normal,Duplex,2Story,4,6,1967,1967,Flat,Tar&Grv,Plywood,CBlock,None,0,TA,TA,Slab,NA,NA,NA,NA,0,NA,0,0,0,GasA,TA,Y,SBrkr,862,1788,0,2650,0,0,3,0,6,2,TA,10,Min2,0,NA,NA,0,NA,0,0,NA,NA,Y,0,0,0,0,0,0,NA,NA,Shed,500,2,2010,WD,Normal,160000
909252220,1-1/2 STORY FINISHED ALL AGES,RL,63,15564,Pave,NA,Regular,Lvl,AllPub,Inside,Gtl,Crawford,Normal,Normal,1Fam,1.5Fin,6,6,1914,1995,Gable,CompShg,Wd Sdng,Wd Shng,None,0,TA,TA,BrkTil,Gd,TA,No,Unf,0,Unf,0,676,676,GasA,Ex,Y,SBrkr,676,588,0,1264,0,0,1,0,3,1,TA,6,Typ,0,NA,Detchd,1994,Unf,2,400,TA,TA,Y,424,0,0,0,0,0,NA,NA,Shed,400,1,2008,WD,Normal,147500
909427230,2-STORY 1945 & OLDER,RL,66,9042,Pave,NA,Regular,Lvl,AllPub,Inside,Gtl,Crawford,Normal,Normal,1Fam,2Story,7,9,1941,2006,Gable,CompShg,CemntBd,CmentBd,None,0,Ex,Gd,Stone,TA,Gd,No,GLQ,275,Unf,0,877,1152,GasA,Ex,Y,SBrkr,1188,1152,0,2340,0,0,2,0,4,1,Gd,9,Typ,2,Gd,Attchd,1941,RFn,1,252,TA,TA,Y,0,60,0,0,0,0,NA,GdPrv,Shed,2500,5,2010,WD,Normal,266500
909452050,SPLIT OR MULTI-LEVEL,RL,0,13607,Pave,NA,Slightly irregular,Lvl,AllPub,Inside,Gtl,Crawford,Normal,Normal,1Fam,SLvl,6,6,1986,1986,Gable,CompShg,VinylSd,VinylSd,BrkFace,242,TA,Gd,CBlock,TA,TA,No,ALQ,454,Unf,0,118,572,GasA,Gd,Y,SBrkr,1182,800,0,1982,1,0,2,1,3,1,TA,6,Typ,1,TA,BuiltIn,1986,Fin,2,501,TA,TA,Y,400,112,0,0,0,0,NA,NA,Shed,1500,4,2009,WD,Normal,208000
911204090,1-STORY 1946 & NEWER ALL STYLES,C (all),66,8712,Grvl,NA,Regular,Bnk,AllPub,Inside,Mod,Iowa DOT and Rail Road,Normal,Normal,1Fam,1Story,5,5,1952,1952,Hip,CompShg,Wd Sdng,Wd Sdng,None,0,Fa,TA,CBlock,TA,TA,Av,Unf,0,Unf,0,540,540,GasA,TA,N,FuseA,1044,0,0,1044,0,0,1,0,2,1,Fa,4,Typ,0,NA,Basment,1952,Unf,2,504,TA,TA,N,0,0,0,0,0,0,NA,NA,Shed,54,6,2010,WD,Alloca,55993
911226010,1-STORY 1945 & OLDER,C (all),120,18000,Grvl,NA,Regular,Low,AllPub,Inside,Gtl,Iowa DOT and Rail Road,Normal,Normal,1Fam,1Story,3,4,1935,1950,Gable,CompShg,MetalSd,MetalSd,None,0,Fa,TA,CBlock,TA,TA,No,Unf,0,Unf,0,894,894,GasA,TA,Y,SBrkr,894,0,0,894,0,0,1,0,2,1,TA,6,Typ,0,NA,Detchd,1994,RFn,3,1248,TA,TA,Y,0,20,0,0,0,0,NA,NA,Shed,560,8,2008,ConLD,Normal,81000
914475090,SPLIT OR MULTI-LEVEL,RL,74,9620,Pave,NA,Regular,Lvl,AllPub,Inside,Gtl,Mitchell,Normal,Normal,1Fam,SLvl,6,7,1977,1977,Gable,CompShg,Plywood,Plywood,None,0,TA,TA,CBlock,TA,TA,No,ALQ,679,Unf,0,564,1243,GasA,TA,Y,SBrkr,1285,0,0,1285,0,1,2,0,3,1,Gd,6,Typ,1,Fa,Attchd,1977,Unf,2,473,TA,TA,Y,375,26,0,0,0,0,NA,GdPrv,Shed,80,5,2010,WD,Normal,190000
916125425,2 FAMILY CONVERSION - ALL STYLES AND AGES,RL,0,164660,Grvl,NA,Slightly irregular,HLS,AllPub,Corner,Sev,Timberland,Normal,Normal,2fmCon,1.5Fin,5,6,1965,1965,Gable,CompShg,Plywood,Plywood,None,0,TA,TA,CBlock,TA,TA,Gd,ALQ,1249,BLQ,147,103,1499,GasA,Ex,Y,SBrkr,1619,167,0,1786,2,0,2,0,3,1,TA,7,Typ,2,Gd,Attchd,1965,Fin,2,529,TA,TA,Y,670,0,0,0,0,0,NA,NA,Shed,700,8,2008,WD,Normal,228950
916403200,2-STORY 1946 & NEWER,RL,0,9839,Pave,NA,Slightly irregular,Lvl,AllPub,CulDSac,Gtl,Timberland,Normal,Normal,1Fam,2Story,6,8,1980,2006,Gable,CompShg,MetalSd,MetalSd,None,0,TA,Gd,PConc,Gd,TA,No,ALQ,462,Unf,0,250,712,GasA,Ex,Y,SBrkr,1375,862,0,2237,0,0,2,1,3,1,Gd,7,Typ,1,TA,BuiltIn,1980,Fin,2,440,TA,TA,Y,305,24,0,0,0,0,NA,NA,Shed,2500,2,2009,WD,Normal,204000
923225490,1-STORY 1946 & NEWER ALL STYLES,RL,62,9858,Pave,NA,Regular,Lvl,AllPub,Inside,Gtl,Mitchell,Normal,Normal,1Fam,1Story,5,6,1968,1968,Gable,CompShg,HdBoard,HdBoard,None,0,TA,TA,CBlock,TA,TA,No,BLQ,510,Unf,0,354,864,GasA,TA,Y,SBrkr,874,0,0,874,1,0,1,0,3,1,TA,5,Typ,0,NA,Attchd,1968,RFn,1,288,TA,TA,Y,33,0,0,0,0,0,NA,GdWo,Shed,600,11,2009,WD,Normal,130000
923227030,1-STORY 1946 & NEWER ALL STYLES,RL,0,17979,Pave,NA,Slightly irregular,Lvl,AllPub,Corner,Gtl,Mitchell,Normal,Normal,1Fam,1Story,5,6,1968,1968,Gable,CompShg,Plywood,Plywood,None,0,TA,Gd,CBlock,TA,TA,No,ALQ,785,Unf,0,328,1113,GasA,Ex,Y,SBrkr,1160,0,0,1160,1,0,1,0,3,1,Gd,6,Typ,0,NA,Attchd,1968,Unf,1,257,TA,TA,Y,81,0,0,0,0,0,NA,GdWo,Shed,500,2,2008,WD,Normal,152500
923252075,SPLIT OR MULTI-LEVEL,RL,62,7706,Pave,NA,Regular,Lvl,AllPub,Inside,Gtl,Mitchell,Normal,Normal,1Fam,SLvl,6,5,1993,1996,Gable,CompShg,HdBoard,HdBoard,None,0,TA,Gd,CBlock,Gd,TA,Av,Rec,114,GLQ,270,0,384,GasA,Ex,Y,SBrkr,1091,0,0,1091,0,1,1,0,2,1,TA,5,Typ,0,NA,Attchd,1993,Fin,1,429,TA,TA,Y,280,0,0,0,0,0,NA,NA,Shed,700,8,2009,WD,Normal,131250
923276250,DUPLEX - ALL STYLES AND AGES,RL,70,7700,Pave,NA,Regular,Lvl,AllPub,Inside,Gtl,Mitchell,Normal,Normal,Duplex,2Story,5,2,1985,1986,Gable,CompShg,HdBoard,HdBoard,None,0,TA,Po,PConc,TA,TA,No,Unf,0,Unf,0,1216,1216,GasA,Gd,Y,SBrkr,1216,1216,0,2432,0,0,4,2,4,2,TA,10,Typ,0,NA,Attchd,1985,Unf,2,616,TA,Fa,Y,200,0,0,0,0,0,NA,NA,Shed,600,2,2010,WD,Normal,159000
923400025,1-1/2 STORY FINISHED ALL AGES,RL,85,14115,Pave,NA,Slightly irregular,Lvl,AllPub,Inside,Gtl,Mitchell,Normal,Normal,1Fam,1.5Fin,5,5,1993,1995,Gable,CompShg,VinylSd,VinylSd,None,0,TA,TA,Wood,Gd,TA,No,GLQ,732,Unf,0,64,796,GasA,Ex,Y,SBrkr,796,566,0,1362,1,0,1,1,1,1,TA,5,Typ,0,NA,Attchd,1993,Unf,2,480,TA,TA,Y,40,30,0,320,0,0,NA,MnPrv,Shed,700,10,2009,WD,Normal,143000
923400040,1-1/2 STORY FINISHED ALL AGES,RL,75,12508,Pave,NA,Slightly irregular,Lvl,AllPub,Inside,Gtl,Mitchell,Normal,Normal,1Fam,1.5Fin,6,7,1940,1985,Gable,CompShg,VinylSd,VinylSd,None,0,TA,TA,CBlock,Gd,TA,Mn,ALQ,660,Unf,0,323,983,GasA,Ex,Y,SBrkr,983,767,0,1750,1,0,2,0,4,1,TA,7,Mod,0,NA,Attchd,1989,Unf,1,423,TA,TA,Y,245,0,156,0,0,0,NA,NA,Shed,1300,7,2008,WD,Normal,160000
923400125,SPLIT FOYER,RL,62,10441,Pave,NA,Regular,Lvl,AllPub,Inside,Gtl,Mitchell,Normal,Normal,1Fam,SFoyer,5,5,1992,1992,Gable,CompShg,HdBoard,Wd Shng,None,0,TA,TA,PConc,Gd,TA,Av,GLQ,337,Unf,0,575,912,GasA,TA,Y,SBrkr,970,0,0,970,0,1,1,0,3,1,TA,6,Typ,0,NA,NA,0,NA,0,0,NA,NA,Y,80,32,0,0,0,0,NA,MnPrv,Shed,700,7,2006,WD,Normal,132000
924100020,2-STORY 1946 & NEWER,RL,0,11075,Pave,NA,Slightly irregular,Lvl,AllPub,Inside,Mod,Mitchell,Normal,Normal,1Fam,2Story,5,4,1969,1969,Gable,CompShg,HdBoard,HdBoard,BrkFace,232,TA,TA,CBlock,TA,TA,Av,ALQ,562,LwQ,193,29,784,GasA,Ex,Y,SBrkr,1168,800,0,1968,0,1,2,1,4,1,TA,7,Min2,1,Po,Attchd,1969,RFn,2,530,TA,TA,Y,305,189,0,0,0,0,NA,MnPrv,Shed,400,9,2008,WD,Normal,172000
